ID,Name,Price,"Quantity on Hand"
0,"Mountbatten pink Crib",$289,42
1,"Misty rose Sofa",$649.99,49
2,"Myrtle Sectional","$1,039.99",94
3,"Mauvelous Nightstand",$81.99,88
4,"Wild blue yonder Dining Chair",$89.99,48
5,"Maximum blue green Sleeper Sofa","$1,279.99",9
6,"Robin egg blue Dining Chair",$89.99,94
7,"Royal blue Loveseat",$269.99,21
8,"Light blue Wardrobe",$719.99,8
9,"Livid blue Sleeper Sofa","$1,279.99",37
10,"Steel Teal Stool",$54.99,79
11,"Vanilla ice Dresser",$699.99,99
12,"Green Sheen Dining Chair",$89.99,90
13,"Antique white Nightstand",$81.99,45
14,"Viridian green Plant Stand",$42.99,77
15,"Tea green Loveseat",$269.99,5
16,"Coyote brown Sectional","$1,039.99",59
17,"Bright maroon End Table",$39.99,54
18,"Tuscan brown Bed",$389.99,80
19,"Tumbleweed brown Loveseat",$269.99,57
20,"White Dining Table",$800,30
21,"Sand Sleeper Sofa","$1,279.99",6
22,"Uranian blue Bed",$389.99,5
23,"Orange Sofa",$649.99,44
24,"Maximum red Dining Table",$800,45
25,"Moss green Coffee Table",$200,62
26,"Coral pink Plant Stand",$42.99,83
27,"Gold End Table",$39.99,29
28,"Queen pink End Table",$39.99,56
29,"Medium blue Reclining Sofa","$1,119.99",55
30,"Slimy green End Table",$39.99,29
31,"Black coffee Storage Bench",$194.99,33
32,"Antique white Dresser",$699.99,32
33,"Magnolia Reclining Loveseat","$1,023.99",24
34,"Cyan Reclining Loveseat","$1,023.99",28
35,"Puce Reclining Loveseat","$1,023.99",40
36,"Amaranth purple Chaise Lounge",$235.99,64
37,"Orange peel Wardrobe",$719.99,87
38,"Silver Reclining Sofa","$1,119.99",56
39,"Chinese violet Crib",$289,20
40,"Almond Headboard",$222.99,80
41,"Dark moss green Coffee Table",$200,86
42,"Maximum blue Sectional","$1,039.99",24
43,"Persian plum Sleeper Sofa","$1,279.99",28
44,"Baker-Miller pink Wardrobe",$719.99,92
45,"Papaya whip Coffee Table",$200,73
46,"Fluorescent blue Bed",$389.99,91
47,"Han blue Plant Stand",$42.99,18
48,"Raw sienna Crib",$289,26
49,"Old rose Headboard",$222.99,62
50,"Mulberry Bed",$389.99,48
51,"Rose Sleeper Sofa","$1,279.99",34
52,"Sheen green Loveseat",$269.99,83
53,"Aquamarine End Table",$39.99,22
54,"Mystic maroon Ottoman",$52.99,80
55,"Falu red Dining Table",$800,52
56,"Old rose Chaise Lounge",$235.99,28
57,"Lapis lazuli Chaise Lounge",$235.99,55
58,"Illuminating emerald Dining Table",$800,0
59,"Dark green Bench",$114.99,3
60,"Tuscan red Loveseat",$269.99,4
61,"Sap green Ottoman",$52.99,46
62,"Carolina blue Sofa",$649.99,70
63,"Pullman Brown Crib",$289,36
64,"Metallic Seaweed Bench",$114.99,84
65,"Safety yellow Nightstand",$81.99,70
66,"Sizzling Sunrise yellow Sleeper Sofa","$1,279.99",51
67,"May green Chaise Lounge",$235.99,45
68,"Turtle green Dining Table",$800,65
69,"Pumpkin Reclining Sofa","$1,119.99",17
70,"Olive green Futon",$219.99,89
71,"Middle grey Daybed",$311.99,96
72,"Pink Reclining Loveseat","$1,023.99",6
73,"Electric violet Ottoman",$52.99,18
74,"Paolo Veronese green Stool",$54.99,37
75,"Spanish pink Stool",$54.99,25
76,"Macaroni and Cheese Sectional","$1,039.99",67
77,"Raspberry glace Crib",$289,4
78,"Naples yellow Stool",$54.99,29
79,"Ming Reclining Sofa","$1,119.99",92
80,"Persian indigo Dining Table",$800,52
81,"Magnolia Reclining Sofa","$1,119.99",34
82,"Tea rose Ottoman",$52.99,21
83,"Green-cyan Dining Chair",$89.99,58
84,"Android green Ottoman",$52.99,62
85,"School Bus Yellow Chaise Lounge",$235.99,89
86,"Black coffee Sleeper Sofa","$1,279.99",60
87,"Arctic lime Futon",$219.99,16
88,"Light steel blue Dining Table",$800,71
89,"Fandango pink Wardrobe",$719.99,30
90,"Blaze orange Dining Table",$800,94
91,"Blue yonder Chaise Lounge",$235.99,38
92,"Razzle dazzle rose Daybed",$311.99,84
93,"Amaranth pink Ottoman",$52.99,8
94,"Deep sky blue Daybed",$311.99,54
95,"Sugar Plum Ottoman",$52.99,22
96,"Macaroni and Cheese Bed",$389.99,34
97,"Ocean Blue Ottoman",$52.99,22
98,"Laurel green Wardrobe",$719.99,35
99,"Opera mauve Plant Stand",$42.99,9
100,"Rose bonbon Ottoman",$52.99,34
101,"Black coffee Reclining Sofa","$1,119.99",28
102,"Mardi Gras purple Bench",$114.99,33
103,"Outrageous Orange Dining Table",$800,22
104,"Lemon curry Daybed",$311.99,35
105,"Payne's grey Plant Stand",$42.99,87
106,"Cerulean frost Reclining Loveseat","$1,023.99",51
107,"Titanium yellow Plant Stand",$42.99,30
108,"Lemon curry Sofa",$649.99,37
109,"Deep pink Bed",$389.99,77
110,"Blue bell End Table",$39.99,50
111,"Cameo pink Futon",$219.99,3
112,"Eggplant Wardrobe",$719.99,25
113,"Frostbite pink Loveseat",$269.99,99
114,"Almond Wardrobe",$719.99,33
115,"Amazon green Plant Stand",$42.99,1
116,"Cornflower blue Stool",$54.99,54
117,"Italian sky blue Reclining Loveseat","$1,023.99",53
118,"Steel Teal Stool",$54.99,92
119,"Satin sheen gold Daybed",$311.99,4
120,"Beau blue Stool",$54.99,69
121,"Shadow grey Sectional","$1,039.99",31
122,"Brown Crib",$289,11
123,"Purple pizzazz Crib",$289,64
124,"Aero blue Headboard",$222.99,12
125,"Old lace End Table",$39.99,96
126,"Denim Futon",$219.99,95
127,"Dark orchid Bench",$114.99,94
128,"Mauve Headboard",$222.99,64
129,"Raisin black Ottoman",$52.99,29
130,"Tawny Sleeper Sofa","$1,279.99",28
131,"Spring Frost Wardrobe",$719.99,50
132,"Magic mint Futon",$219.99,24
133,"Pink lace Daybed",$311.99,66
134,"Illuminating emerald Crib",$289,50
135,"True Blue Bench",$114.99,21
136,"OU Crimson red Dining Table",$800,76
137,"Medium candy apple red Crib",$289,60
138,"Dark slate gray Dresser",$699.99,5
139,"Deep taupe Bench",$114.99,75
140,"Green-blue Bed",$389.99,22
141,"Duke blue Daybed",$311.99,92
142,"Cosmic latte Bench",$114.99,88
143,"Old lace End Table",$39.99,48
144,"Cerulean frost Headboard",$222.99,16
145,"Prune Coffee Table",$200,30
146,"Languid lavender Loveseat",$269.99,44
147,"Paris Green Reclining Loveseat","$1,023.99",63
148,"Phthalo green Reclining Sofa","$1,119.99",57
149,"Ivory Dresser",$699.99,64
150,"Mantis green Reclining Sofa","$1,119.99",53
151,"Purple pizzazz Storage Bench",$194.99,45
152,"Tuscan brown Daybed",$311.99,68
153,"Metallic gold Sectional","$1,039.99",20
154,"Slimy green Plant Stand",$42.99,5
155,"Persian pink Dining Chair",$89.99,99
156,"Mantis green Stool",$54.99,42
157,"Indigo dye Coffee Table",$200,15
158,"Coral pink Sleeper Sofa","$1,279.99",18
159,"Burnt umber Reclining Loveseat","$1,023.99",52
160,"Indian yellow Futon",$219.99,58
161,"Amazon green Loveseat",$269.99,96
162,"Pullman Brown Sleeper Sofa","$1,279.99",24
163,"Yellow Bench",$114.99,72
164,"Morning blue Daybed",$311.99,24
165,"Maximum blue purple Reclining Sofa","$1,119.99",95
166,"Bleu de France Stool",$54.99,69
167,"Midnight green Coffee Table",$200,66
168,"Deep jungle green Sofa",$649.99,35
169,"Cotton candy Storage Bench",$194.99,35
170,"Little boy blue Storage Bench",$194.99,93
171,"UA blue Sofa",$649.99,82
172,"Medium violet-red Bench",$114.99,80
173,"Blanched almond Ottoman",$52.99,1
174,"Aqua Stool",$54.99,40
175,"Nickel Dresser",$699.99,51
176,"French violet Dining Chair",$89.99,94
177,"Harvest gold Headboard",$222.99,74
178,"Old lavender Sofa",$649.99,50
179,"Dark khaki Sofa",$649.99,43
180,"Red-purple Nightstand",$81.99,40
181,"Red Salsa Futon",$219.99,57
182,"Pictorial carmine Bed",$389.99,30
183,"Wood brown Reclining Loveseat","$1,023.99",87
184,"Straw Bench",$114.99,75
185,"Brink pink Sofa",$649.99,30
186,"Blast-off bronze Bench",$114.99,17
187,"Floral white Loveseat",$269.99,29
188,"Pearly purple Chaise Lounge",$235.99,30
189,"Purple Plum Wardrobe",$719.99,97
190,"Pink lace Storage Bench",$194.99,5
191,"Café noir Wardrobe",$719.99,95
192,"Deep cerise Bench",$114.99,97
193,"Black bean Dining Chair",$89.99,24
194,"Spanish violet Dining Table",$800,87
195,"Mustard yellow Stool",$54.99,24
196,"Mellow yellow Wardrobe",$719.99,50
197,"Duke blue Dining Chair",$89.99,71
198,"Dark goldenrod Sofa",$649.99,77
199,"Pink lavender Sleeper Sofa","$1,279.99",44
200,"Macaroni and Cheese Reclining Sofa","$1,119.99",51
201,"Dark electric blue Sleeper Sofa","$1,279.99",87
202,"Persian rose Plant Stand",$42.99,6
203,"Denim blue Ottoman",$52.99,16
204,"Congo pink Bench",$114.99,1
205,"Champagne pink Stool",$54.99,51
206,"Dark orchid Sectional","$1,039.99",82
207,"Caribbean green Reclining Loveseat","$1,023.99",8
208,"Denim Chaise Lounge",$235.99,39
209,"Beau blue Crib",$289,18
210,"Midnight blue Stool",$54.99,76
211,"Mandarin Reclining Loveseat","$1,023.99",88
212,"Carrot orange Ottoman",$52.99,51
213,"Ghost white Headboard",$222.99,100
214,"China rose Coffee Table",$200,33
215,"Razzmatazz Reclining Sofa","$1,119.99",18
216,"Sea green Wardrobe",$719.99,21
217,"Metallic Seaweed Bench",$114.99,45
218,"Candy pink Bed",$389.99,93
219,"Indian yellow Reclining Loveseat","$1,023.99",80
220,"MSU green Daybed",$311.99,15
221,"Persian rose Stool",$54.99,46
222,"Maximum red Dresser",$699.99,7
223,"Cream Coffee Table",$200,17
224,"Orchid pink Daybed",$311.99,5
225,"Tiffany Blue Headboard",$222.99,75
226,"Congo pink Bench",$114.99,51
227,"True Blue Plant Stand",$42.99,36
228,"Misty rose Loveseat",$269.99,99
229,"Venetian red Crib",$289,34
230,"Indigo Sectional","$1,039.99",81
231,"Japanese violet Reclining Loveseat","$1,023.99",7
232,"Golden yellow Ottoman",$52.99,77
233,"Spanish gray Futon",$219.99,58
234,"Desert sand Bench",$114.99,95
235,"Pink Sherbet Crib",$289,34
236,"Scarlet Coffee Table",$200,56
237,"Azure Sleeper Sofa","$1,279.99",43
238,"Opal Coffee Table",$200,78
239,"Chrome yellow Dining Chair",$89.99,23
240,"Dark spring green Dining Table",$800,5
241,"Schauss pink Futon",$219.99,19
242,"Army green Crib",$289,86
243,"Dark goldenrod Nightstand",$81.99,22
244,"French bistre Bench",$114.99,26
245,"Duke blue Storage Bench",$194.99,43
246,"Sweet Brown Chaise Lounge",$235.99,69
247,"Light slate gray Stool",$54.99,98
248,"Medium blue Bench",$114.99,34
249,"French rose Bench",$114.99,49
250,"Cadet blue Dining Table",$800,71
251,"Citrine Plant Stand",$42.99,61
252,"Liseran purple Stool",$54.99,55
253,"Quick Silver Sleeper Sofa","$1,279.99",33
254,"MSU green Dresser",$699.99,8
255,"Pistachio Headboard",$222.99,73
256,"Jasmine Stool",$54.99,64
257,"B'dazzled blue Sectional","$1,039.99",21
258,"Teal Dresser",$699.99,85
259,"Royal purple Stool",$54.99,4
260,"Marigold Plant Stand",$42.99,76
261,"Granite gray Bench",$114.99,88
262,"Mountain Meadow green End Table",$39.99,97
263,"Opera mauve Daybed",$311.99,46
264,"Old lavender Crib",$289,33
265,"Medium slate blue Dining Chair",$89.99,8
266,"Old burgundy Plant Stand",$42.99,55
267,"Alice blue Dining Chair",$89.99,23
268,"Illuminating emerald Reclining Sofa","$1,119.99",81
269,"Baker-Miller pink Reclining Sofa","$1,119.99",74
270,"Lilac Loveseat",$269.99,62
271,"Earth yellow Dining Chair",$89.99,34
272,"Dark orange Reclining Loveseat","$1,023.99",39
273,"Persimmon Chaise Lounge",$235.99,63
274,"Baby pink Loveseat",$269.99,47
275,"Bleu de France Reclining Sofa","$1,119.99",69
276,"Persian pink Chaise Lounge",$235.99,40
277,"Heliotrope End Table",$39.99,32
278,"Cobalt blue End Table",$39.99,40
279,"Vivid burgundy Daybed",$311.99,2
280,"Amber Headboard",$222.99,68
281,"Van Dyke brown Stool",$54.99,3
282,"Dark slate blue Plant Stand",$42.99,24
283,"Turquoise blue Chaise Lounge",$235.99,45
284,"Avocado Storage Bench",$194.99,29
285,"Slate gray Daybed",$311.99,80
286,"Celtic blue Crib",$289,30
287,"Green-yellow Reclining Sofa","$1,119.99",40
288,"Green-blue Sleeper Sofa","$1,279.99",67
289,"Cadmium orange Wardrobe",$719.99,46
290,"Citrine Headboard",$222.99,67
291,"Illuminating emerald End Table",$39.99,52
292,"Razzmatazz Bench",$114.99,96
293,"English red Dresser",$699.99,24
294,"Yale Blue Dining Table",$800,78
295,"Mint green Dresser",$699.99,79
296,"Sunset Sectional","$1,039.99",57
297,"Mauve Storage Bench",$194.99,37
298,"Seal brown Dining Table",$800,99
299,"Aquamarine Sectional","$1,039.99",78
300,"Alloy orange Sleeper Sofa","$1,279.99",90
301,"Light cornflower blue Dining Table",$800,43
302,"Light periwinkle Crib",$289,97
303,"Honeydew Storage Bench",$194.99,76
304,"Lilac Luster Bed",$389.99,3
305,"Arylide yellow Dining Table",$800,38
306,"Unbleached silk Bench",$114.99,78
307,"Orchid Crib",$289,91
308,"Hot pink Coffee Table",$200,8
309,"Wine dregs maroon Ottoman",$52.99,92
310,"Magenta haze Plant Stand",$42.99,87
311,"Wood brown Reclining Loveseat","$1,023.99",23
312,"Granny Smith apple Daybed",$311.99,45
313,"Phthalo blue Sleeper Sofa","$1,279.99",67
314,"Cream End Table",$39.99,31
315,"Syracuse Orange Sleeper Sofa","$1,279.99",6
316,"Sacramento State green Sleeper Sofa","$1,279.99",34
317,"Tomato red Futon",$219.99,21
318,"Plum Loveseat",$269.99,37
319,"Sap green Ottoman",$52.99,37
320,"Sage green Storage Bench",$194.99,42
321,"Fandango pink Dining Table",$800,31
322,"Sugar Plum Nightstand",$81.99,18
323,"Golden brown Bed",$389.99,58
324,"Peach Sofa",$649.99,54
325,"Violet Bench",$114.99,11
326,"Almond Dining Table",$800,39
327,"Pewter Blue Headboard",$222.99,74
328,"Nickel Loveseat",$269.99,92
329,"Fawn Bed",$389.99,0
330,"Light slate gray Headboard",$222.99,13
331,"Tangerine End Table",$39.99,30
332,"Steel pink Storage Bench",$194.99,18
333,"Black coral Nightstand",$81.99,37
334,"Lemon chiffon Sofa",$649.99,23
335,"Fuchsia Dining Chair",$89.99,75
336,"Pansy purple Reclining Sofa","$1,119.99",65
337,"Floral white Dresser",$699.99,81
338,"Russian violet Sofa",$649.99,0
339,"Coral pink Bench",$114.99,81
340,"Raspberry Storage Bench",$194.99,58
341,"Wild blue yonder Sectional","$1,039.99",96
342,"Pewter Blue Futon",$219.99,18
343,"Blush Plant Stand",$42.99,38
344,"Dark lava Dining Table",$800,54
345,"Italian sky blue Wardrobe",$719.99,7
346,"Wild Strawberry Loveseat",$269.99,93
347,"White Reclining Sofa","$1,119.99",76
348,"Middle purple Dining Table",$800,90
349,"Aquamarine Sofa",$649.99,58
350,"Rose vale Stool",$54.99,20
351,"White Daybed",$311.99,30
352,"Violet-blue Sectional","$1,039.99",57
353,"Melon pink Sofa",$649.99,48
354,"New York pink Dining Chair",$89.99,51
355,"Han blue Headboard",$222.99,2
356,"Beige Bench",$114.99,34
357,"Earth yellow Daybed",$311.99,39
358,"Coffee Headboard",$222.99,78
359,"Earth yellow Bench",$114.99,69
360,"Deep taupe Dining Chair",$89.99,92
361,"Copper rose Sectional","$1,039.99",10
362,"Blue bell Sectional","$1,039.99",2
363,"Pumpkin Wardrobe",$719.99,28
364,"Deep Space Sparkle Stool",$54.99,18
365,"Neon Carrot Reclining Loveseat","$1,023.99",36
366,"Blond Dining Chair",$89.99,24
367,"Han purple Daybed",$311.99,19
368,"Cinnabar Sleeper Sofa","$1,279.99",63
369,"Mellow apricot Bench",$114.99,85
370,"Windsor tan Daybed",$311.99,5
371,"Blue-violet Sleeper Sofa","$1,279.99",50
372,"True Blue Nightstand",$81.99,59
373,"Cameo pink Dresser",$699.99,10
374,"Han blue Chaise Lounge",$235.99,50
375,"Pearly purple Sleeper Sofa","$1,279.99",92
376,"Mellow apricot Storage Bench",$194.99,43
377,"Pakistan green Loveseat",$269.99,39
378,"Pansy purple Dining Table",$800,90
379,"UP Forest green Reclining Loveseat","$1,023.99",47
380,"Dark olive green Reclining Sofa","$1,119.99",67
381,"Gray Reclining Sofa","$1,119.99",80
382,"French pink Bench",$114.99,55
383,"Coyote brown Chaise Lounge",$235.99,8
384,"Sage green Crib",$289,0
385,"Puce Reclining Loveseat","$1,023.99",48
386,"Harvard Crimson Crib",$289,49
387,"Carmine Sectional","$1,039.99",49
388,"Cosmic cobalt Dresser",$699.99,26
389,"Platinum Nightstand",$81.99,93
390,"International orange Reclining Loveseat","$1,023.99",24
391,"Red-purple Crib",$289,26
392,"Cornsilk Reclining Sofa","$1,119.99",42
393,"Persian plum Ottoman",$52.99,47
394,"Uranian blue Futon",$219.99,73
395,"Imperial red Bench",$114.99,88
396,"Cardinal Dining Table",$800,38
397,"French beige Headboard",$222.99,41
398,"Mountain Meadow green Sectional","$1,039.99",80
399,"Mantis green Reclining Sofa","$1,119.99",87
400,"Languid lavender Dresser",$699.99,29
401,"Middle red Sofa",$649.99,21
402,"Tart Orange Sofa",$649.99,70
403,"Turquoise blue Futon",$219.99,56
404,"Sea green Bench",$114.99,86
405,"Van Dyke brown Stool",$54.99,91
406,"Tan Coffee Table",$200,25
407,"Pullman Brown Headboard",$222.99,23
408,"Illuminating emerald Ottoman",$52.99,55
409,"Dodger blue End Table",$39.99,33
410,"Snow white Bed",$389.99,85
411,"Russian green End Table",$39.99,26
412,"Violet Sectional","$1,039.99",89
413,"Naples yellow Loveseat",$269.99,15
414,"Queen blue Reclining Sofa","$1,119.99",4
415,"Midnight blue Reclining Loveseat","$1,023.99",75
416,"Middle red Reclining Loveseat","$1,023.99",69
417,"Shadow grey Coffee Table",$200,22
418,"Linen Reclining Sofa","$1,119.99",98
419,"Pistachio Wardrobe",$719.99,41
420,"Rose quartz Reclining Sofa","$1,119.99",62
421,"Burlywood End Table",$39.99,30
422,"Cadmium orange Reclining Loveseat","$1,023.99",59
423,"Majorelle blue Storage Bench",$194.99,10
424,"Blue yonder Plant Stand",$42.99,79
425,"Persian orange Futon",$219.99,90
426,"Van Dyke brown Chaise Lounge",$235.99,67
427,"Cambridge blue Storage Bench",$194.99,32
428,"Emerald Crib",$289,3
429,"French raspberry Reclining Loveseat","$1,023.99",43
430,"Maya blue Coffee Table",$200,78
431,"Mauve Chaise Lounge",$235.99,56
432,"Middle red Dining Chair",$89.99,11
433,"Olive Drab Dining Table",$800,91
434,"Tuscan tan Coffee Table",$200,63
435,"Cosmic cobalt Chaise Lounge",$235.99,16
436,"Medium sea green Plant Stand",$42.99,30
437,"Powder blue Chaise Lounge",$235.99,72
438,"Quinacridone magenta Ottoman",$52.99,70
439,"Eton blue Sectional","$1,039.99",59
440,"Prune Stool",$54.99,56
441,"Middle yellow Chaise Lounge",$235.99,76
442,"Medium blue Plant Stand",$42.99,53
443,"Parchment Bed",$389.99,73
444,"Tangerine Futon",$219.99,72
445,"International Klein Blue Headboard",$222.99,77
446,"Ocean Blue Sleeper Sofa","$1,279.99",55
447,"Denim Wardrobe",$719.99,80
448,"Amaranth pink Coffee Table",$200,9
449,"Dark green Daybed",$311.99,71
450,"Pink lavender Nightstand",$81.99,52
451,"Fiery rose Nightstand",$81.99,87
452,"Citron Plant Stand",$42.99,64
453,"Gold Sofa",$649.99,92
454,"Pansy purple Headboard",$222.99,26
455,"June bud Storage Bench",$194.99,79
456,"Dark slate blue Bed",$389.99,48
457,"Celadon green Futon",$219.99,91
458,"Eton blue Dining Chair",$89.99,40
459,"Robin egg blue Wardrobe",$719.99,82
460,"Paradise pink Dining Table",$800,48
461,"Spanish pink Headboard",$222.99,56
462,"Mellow yellow Reclining Loveseat","$1,023.99",31
463,"Dark brown Stool",$54.99,22
464,"Chestnut Loveseat",$269.99,76
465,"Deep taupe Chaise Lounge",$235.99,6
466,"Mikado yellow Daybed",$311.99,8
467,"Dark spring green Dining Chair",$89.99,20
468,"Paolo Veronese green Sectional","$1,039.99",23
469,"Antique fuchsia Sofa",$649.99,98
470,"Copper rose Stool",$54.99,26
471,"Piggy pink Futon",$219.99,53
472,"Desert Dining Table",$800,3
473,"Gold Fusion Futon",$219.99,10
474,"Yellow Reclining Sofa","$1,119.99",62
475,"Spring Frost Bed",$389.99,29
476,"Medium candy apple red Ottoman",$52.99,4
477,"Mikado yellow Chaise Lounge",$235.99,66
478,"Laurel green Dresser",$699.99,78
479,"Blue sapphire Chaise Lounge",$235.99,6
480,"Field drab Crib",$289,65
481,"Terra cotta Futon",$219.99,97
482,"Upsdell red Wardrobe",$719.99,45
483,"Harvard Crimson Daybed",$311.99,37
484,"Sky magenta Loveseat",$269.99,20
485,"Bright lilac Sectional","$1,039.99",12
486,"Brink pink Reclining Loveseat","$1,023.99",17
487,"Macaroni and Cheese Storage Bench",$194.99,46
488,"Chestnut Wardrobe",$719.99,55
489,"Venetian red Sleeper Sofa","$1,279.99",63
490,"Chinese yellow Nightstand",$81.99,77
491,"Brink pink Reclining Sofa","$1,119.99",97
492,"Coyote brown Loveseat",$269.99,82
493,"Dark sienna Stool",$54.99,53
494,"Pink lavender Bed",$389.99,61
495,"Jungle green End Table",$39.99,22
496,"Mantis green Nightstand",$81.99,24
497,"Dark green Reclining Loveseat","$1,023.99",2
498,"Italian sky blue Chaise Lounge",$235.99,17
499,"French lime Crib",$289,7
500,"Baby pink Loveseat",$269.99,11
501,"Carolina blue Wardrobe",$719.99,50
502,"Violet Sectional","$1,039.99",27
503,"Sizzling Red Headboard",$222.99,95
504,"Antique white Reclining Loveseat","$1,023.99",71
505,"French raspberry Reclining Loveseat","$1,023.99",100
506,"Purple Daybed",$311.99,52
507,"Deep taupe Sectional","$1,039.99",17
508,"Rusty red Futon",$219.99,97
509,"Tumbleweed brown Plant Stand",$42.99,55
510,"Polished Pine Bench",$114.99,56
511,"Unmellow yellow Bench",$114.99,3
512,"Alabaster Bed",$389.99,3
513,"Avocado Crib",$289,15
514,"Persian indigo Crib",$289,61
515,"Light French beige Dining Chair",$89.99,81
516,"Platinum Headboard",$222.99,72
517,"Blue-gray Dining Table",$800,95
518,"Tangerine Sofa",$649.99,25
519,"Melon pink Reclining Loveseat","$1,023.99",75
520,"Chinese yellow Dresser",$699.99,23
521,"Red-violet Bed",$389.99,22
522,"Tuscan tan Reclining Loveseat","$1,023.99",69
523,"June bud Dining Chair",$89.99,20
524,"French rose End Table",$39.99,30
525,"Medium blue Dining Chair",$89.99,13
526,"Mahogany Crib",$289,43
527,"Wine dregs maroon Reclining Loveseat","$1,023.99",16
528,"Arctic lime Coffee Table",$200,25
529,"Lemon Loveseat",$269.99,28
530,"Myrtle Wardrobe",$719.99,90
531,"Orchid pink Dresser",$699.99,56
532,"Brandy Reclining Sofa","$1,119.99",89
533,"Rose red Sleeper Sofa","$1,279.99",73
534,"Café noir Daybed",$311.99,45
535,"Psychedelic purple Dining Table",$800,26
536,"Uranian blue Sectional","$1,039.99",42
537,"Imperial red End Table",$39.99,40
538,"Lavender Dining Chair",$89.99,14
539,"Pastel pink Bench",$114.99,19
540,"Citrine Storage Bench",$194.99,58
541,"Antique ruby Bench",$114.99,85
542,"French mauve Crib",$289,51
543,"Resolution blue Ottoman",$52.99,87
544,"Piggy pink Dining Table",$800,62
545,"Avocado Nightstand",$81.99,91
546,"Rose bonbon Bed",$389.99,63
547,"Mauvelous Daybed",$311.99,29
548,"Granny Smith apple Dresser",$699.99,61
549,"Tea green Coffee Table",$200,8
550,"Rusty red End Table",$39.99,92
551,"Minion yellow Dining Table",$800,84
552,"Redwood Ottoman",$52.99,37
553,"Indian red Stool",$54.99,50
554,"Sienna Ottoman",$52.99,58
555,"Dark electric blue Ottoman",$52.99,20
556,"Jet Reclining Loveseat","$1,023.99",52
557,"Bronze Reclining Loveseat","$1,023.99",41
558,"Turquoise green Plant Stand",$42.99,8
559,"Non-photo blue Daybed",$311.99,99
560,"Misty moss green Storage Bench",$194.99,89
561,"Ming End Table",$39.99,52
562,"Apple green Loveseat",$269.99,16
563,"Neon blue Reclining Sofa","$1,119.99",44
564,"Ghost white Futon",$219.99,90
565,"Chocolate Cosmos Crib",$289,17
566,"Myrtle Sectional","$1,039.99",30
567,"British racing green Crib",$289,38
568,"Red-purple Sectional","$1,039.99",51
569,"Cadmium yellow Bench",$114.99,33
570,"Dark red Sectional","$1,039.99",22
571,"Dark turquoise Sleeper Sofa","$1,279.99",2
572,"May green Dining Table",$800,82
573,"Vivid violet Dining Table",$800,99
574,"Bitter lemon Wardrobe",$719.99,66
575,"Dark lava Sofa",$649.99,75
576,"Lavender blush Sectional","$1,039.99",17
577,"Champagne pink Sectional","$1,039.99",41
578,"Blue-gray Dining Table",$800,8
579,"Dark cornflower blue Storage Bench",$194.99,18
580,"Middle grey Sleeper Sofa","$1,279.99",17
581,"Dark violet End Table",$39.99,10
582,"French violet Coffee Table",$200,32
583,"Persian orange Dining Table",$800,59
584,"Brown Bed",$389.99,7
585,"Tan Loveseat",$269.99,15
586,"Cardinal Dining Table",$800,32
587,"Rose Pompadour Stool",$54.99,7
588,"Cadet blue Loveseat",$269.99,50
589,"Mauve Sofa",$649.99,5
590,"Dark orange Sleeper Sofa","$1,279.99",80
591,"Spring Frost Crib",$289,36
592,"Sizzling Sunrise yellow Chaise Lounge",$235.99,47
593,"Quick Silver Bench",$114.99,98
594,"Raisin black Bed",$389.99,58
595,"Candy apple red Sleeper Sofa","$1,279.99",58
596,"Slimy green Headboard",$222.99,61
597,"Chili red Dining Table",$800,26
598,"Medium spring green Storage Bench",$194.99,23
599,"British racing green Futon",$219.99,22
600,"Pistachio Futon",$219.99,24
601,"Medium orchid Bench",$114.99,56
602,"Ultramarine blue Loveseat",$269.99,54
603,"Purple pizzazz Bench",$114.99,38
604,"Twilight lavender Dresser",$699.99,39
605,"Saddle brown Crib",$289,42
606,"Persian plum Bed",$389.99,85
607,"Sunray gold Loveseat",$269.99,45
608,"Lemon glacier Loveseat",$269.99,50
609,"Ivory Nightstand",$81.99,84
610,"Copper rose Plant Stand",$42.99,63
611,"Bud green Reclining Loveseat","$1,023.99",84
612,"Green-cyan Futon",$219.99,12
613,"Barn red Daybed",$311.99,16
614,"Alice blue Storage Bench",$194.99,72
615,"Medium spring green Bench",$114.99,18
616,"Frostbite pink Reclining Loveseat","$1,023.99",33
617,"UA blue Nightstand",$81.99,26
618,"Rosy brown Storage Bench",$194.99,96
619,"Dark sea green Sectional","$1,039.99",17
620,"Navajo white Crib",$289,50
621,"Mulberry Loveseat",$269.99,18
622,"True Blue Dining Chair",$89.99,83
623,"Dartmouth green Storage Bench",$194.99,73
624,"Yellow-green End Table",$39.99,83
625,"Macaroni and Cheese Sleeper Sofa","$1,279.99",15
626,"Palatinate purple Dresser",$699.99,28
627,"Dark slate gray Loveseat",$269.99,80
628,"Maximum green Crib",$289,57
629,"Jade Chaise Lounge",$235.99,55
630,"Sizzling Sunrise yellow Futon",$219.99,71
631,"Middle grey Wardrobe",$719.99,22
632,"Antique brass Crib",$289,36
633,"Lemon Sofa",$649.99,34
634,"French rose End Table",$39.99,71
635,"Cadmium red Chaise Lounge",$235.99,3
636,"Rifle green Sleeper Sofa","$1,279.99",64
637,"Dutch white Dining Table",$800,73
638,"Champagne pink Sofa",$649.99,62
639,"Blond Sleeper Sofa","$1,279.99",81
640,"Celadon green Dining Table",$800,48
641,"Lion gold Bed",$389.99,9
642,"Safety yellow Bench",$114.99,100
643,"Ocean Blue Daybed",$311.99,63
644,"June bud Dining Table",$800,65
645,"Pale cerulean Stool",$54.99,28
646,"Spanish red Sofa",$649.99,86
647,"Arylide yellow End Table",$39.99,25
648,"Medium violet-red Crib",$289,44
649,"Gray Crib",$289,85
650,"Maya blue Plant Stand",$42.99,24
651,"Dogwood rose Dresser",$699.99,71
652,"Black Sectional","$1,039.99",25
653,"Mango Tango Sleeper Sofa","$1,279.99",91
654,"United Nations blue Headboard",$222.99,76
655,"Yale Blue Nightstand",$81.99,72
656,"Picotee blue Nightstand",$81.99,86
657,"French mauve End Table",$39.99,48
658,"Tumbleweed brown End Table",$39.99,47
659,"Tiffany Blue Stool",$54.99,3
660,"Mustard yellow Sectional","$1,039.99",23
661,"Mandarin Crib",$289,13
662,"Cornell red Dresser",$699.99,99
663,"Metallic gold Daybed",$311.99,27
664,"English red Headboard",$222.99,69
665,"Blood red Loveseat",$269.99,47
666,"Air superiority blue Plant Stand",$42.99,40
667,"Maximum blue purple Sleeper Sofa","$1,279.99",50
668,"Fandango pink Coffee Table",$200,20
669,"Golden poppy Daybed",$311.99,14
670,"Jasmine Daybed",$311.99,74
671,"Prussian blue Plant Stand",$42.99,35
672,"Blue-green Bed",$389.99,71
673,"Russian green Futon",$219.99,6
674,"Raspberry Sleeper Sofa","$1,279.99",33
675,"Green Lizard Dining Table",$800,60
676,"Brown sugar End Table",$39.99,3
677,"Old burgundy Sofa",$649.99,56
678,"Prune Reclining Sofa","$1,119.99",100
679,"Sunset Reclining Sofa","$1,119.99",47
680,"Burnt orange End Table",$39.99,40
681,"Cocoa brown Loveseat",$269.99,19
682,"Burgundy Dresser",$699.99,11
683,"Corn Futon",$219.99,17
684,"Neon blue Dresser",$699.99,19
685,"Big dip o’ruby Storage Bench",$194.99,5
686,"Rose Reclining Sofa","$1,119.99",10
687,"Barn red Dining Chair",$89.99,74
688,"Sonic silver Storage Bench",$194.99,91
689,"Cobalt blue Storage Bench",$194.99,99
690,"Celadon green Bed",$389.99,19
691,"Aero blue Sleeper Sofa","$1,279.99",93
692,"Jazzberry jam Plant Stand",$42.99,16
693,"YInMn Blue Plant Stand",$42.99,26
694,"Cornell red Sofa",$649.99,36
695,"Dark spring green Sectional","$1,039.99",26
696,"Blue bell Daybed",$311.99,97
697,"Rose taupe Wardrobe",$719.99,38
698,"Persian red Crib",$289,33
699,"Mauve Loveseat",$269.99,50
700,"Pine tree Dresser",$699.99,7
701,"Maximum blue purple Futon",$219.99,67
702,"India green Loveseat",$269.99,71
703,"Cosmic latte End Table",$39.99,62
704,"Chinese yellow Bed",$389.99,55
705,"Mahogany Ottoman",$52.99,4
706,"Quick Silver Headboard",$222.99,81
707,"Cyber grape Reclining Loveseat","$1,023.99",65
708,"Deep Space Sparkle Dining Chair",$89.99,80
709,"Pearly purple End Table",$39.99,22
710,"Vermilion Storage Bench",$194.99,91
711,"Ivory Coffee Table",$200,57
712,"Spanish gray Wardrobe",$719.99,89
713,"Dark sky blue Storage Bench",$194.99,20
714,"Cornell red Reclining Sofa","$1,119.99",24
715,"Fluorescent blue Ottoman",$52.99,42
716,"Tart Orange Dining Table",$800,91
717,"Cadet grey End Table",$39.99,17
718,"Pastel pink Plant Stand",$42.99,40
719,"Mikado yellow Reclining Loveseat","$1,023.99",16
720,"Maya blue Chaise Lounge",$235.99,12
721,"Bottle green Sleeper Sofa","$1,279.99",74
722,"Light yellow Chaise Lounge",$235.99,60
723,"Mantis green Reclining Sofa","$1,119.99",22
724,"Wild orchid Daybed",$311.99,53
725,"Slate gray Crib",$289,32
726,"Spanish orange End Table",$39.99,81
727,"Bottle green Sofa",$649.99,61
728,"Black bean Daybed",$311.99,41
729,"Chinese violet Chaise Lounge",$235.99,47
730,"Fuchsia Plant Stand",$42.99,50
731,"Midnight green Chaise Lounge",$235.99,41
732,"Teal blue Ottoman",$52.99,47
733,"Silver chalice Stool",$54.99,83
734,"Barn red Sleeper Sofa","$1,279.99",98
735,"Dark orchid Bed",$389.99,94
736,"Cameo pink Bed",$389.99,27
737,"Blue jeans Daybed",$311.99,18
738,"Navajo white Futon",$219.99,85
739,"African violet Loveseat",$269.99,86
740,"Platinum Daybed",$311.99,89
741,"Imperial red Chaise Lounge",$235.99,20
742,"Celtic blue Coffee Table",$200,89
743,"French raspberry Futon",$219.99,77
744,"Indian red Plant Stand",$42.99,55
745,"Violet-blue Plant Stand",$42.99,20
746,"Silver chalice Sleeper Sofa","$1,279.99",64
747,"Chinese violet Storage Bench",$194.99,51
748,"Maximum green Dining Chair",$89.99,70
749,"Paris Green Sleeper Sofa","$1,279.99",93
750,"June bud Bed",$389.99,59
751,"Fire engine red Stool",$54.99,78
752,"Persian red Bed",$389.99,46
753,"Silver Wardrobe",$719.99,31
754,"Mountbatten pink Storage Bench",$194.99,9
755,"Windsor tan Daybed",$311.99,10
756,"Electric indigo Bed",$389.99,19
757,"Thistle grey Chaise Lounge",$235.99,81
758,"Shiny Shamrock Dresser",$699.99,30
759,"Papaya whip Ottoman",$52.99,63
760,"Emerald Stool",$54.99,60
761,"Rosy brown Ottoman",$52.99,59
762,"Green Sheen Stool",$54.99,3
763,"Chrome yellow Crib",$289,9
764,"Medium aquamarine Storage Bench",$194.99,41
765,"Deep sky blue Sleeper Sofa","$1,279.99",59
766,"Light goldenrod yellow Bench",$114.99,88
767,"Bleu de France Sleeper Sofa","$1,279.99",49
768,"Palatinate purple Nightstand",$81.99,18
769,"French lilac Dining Table",$800,5
770,"Indigo dye Sofa",$649.99,88
771,"Winter Sky Sectional","$1,039.99",4
772,"Sonic silver Bench",$114.99,81
773,"Olive Drab Dresser",$699.99,2
774,"Blizzard blue Dining Chair",$89.99,80
775,"Silver sand Ottoman",$52.99,14
776,"Auburn Sofa",$649.99,92
777,"Periwinkle Ottoman",$52.99,77
778,"Light gray Sofa",$649.99,90
779,"Dark magenta Plant Stand",$42.99,43
780,"Vivid sky blue Storage Bench",$194.99,95
781,"Celadon blue Loveseat",$269.99,1
782,"Razzle dazzle rose Storage Bench",$194.99,78
783,"Majorelle blue Crib",$289,32
784,"Celadon blue Loveseat",$269.99,19
785,"Electric violet Daybed",$311.99,78
786,"Cadet blue Crib",$289,45
787,"Citron Chaise Lounge",$235.99,97
788,"Blanched almond Stool",$54.99,44
789,"Carolina blue Dresser",$699.99,2
790,"Wheat gold Crib",$289,34
791,"Black coffee End Table",$39.99,92
792,"Ash gray Bench",$114.99,17
793,"Cocoa brown Dining Chair",$89.99,24
794,"Wine red Sofa",$649.99,87
795,"Candy apple red Wardrobe",$719.99,79
796,"Shadow blue Ottoman",$52.99,28
797,"Dark slate gray Sectional","$1,039.99",73
798,"Majorelle blue End Table",$39.99,35
799,"Unmellow yellow Dresser",$699.99,32
800,"Light green Headboard",$222.99,79
801,"Cornsilk Reclining Loveseat","$1,023.99",61
802,"Dark electric blue Wardrobe",$719.99,42
803,"Vivid sky blue Headboard",$222.99,77
804,"Jet Reclining Loveseat","$1,023.99",10
805,"Salmon Stool",$54.99,37
806,"USAFA blue Dining Chair",$89.99,25
807,"Bluetiful Crib",$289,50
808,"Mauvelous Chaise Lounge",$235.99,26
809,"Rojo Spanish red Chaise Lounge",$235.99,12
810,"Picotee blue Loveseat",$269.99,78
811,"School Bus Yellow Sectional","$1,039.99",96
812,"Manatee grey Plant Stand",$42.99,90
813,"Spanish orange Headboard",$222.99,88
814,"Rubine red Ottoman",$52.99,77
815,"Android green Daybed",$311.99,90
816,"Cerulean Wardrobe",$719.99,53
817,"Silver chalice Bed",$389.99,73
818,"Bluetiful Daybed",$311.99,27
819,"Sacramento State green Bench",$114.99,46
820,"Umber Headboard",$222.99,42
821,"Rose vale Sectional","$1,039.99",17
822,"Mandarin Crib",$289,82
823,"Medium sea green Dining Table",$800,86
824,"Spanish blue Storage Bench",$194.99,91
825,"Heliotrope gray Sleeper Sofa","$1,279.99",11
826,"Cyber grape Reclining Loveseat","$1,023.99",74
827,"Wild watermelon Dining Table",$800,38
828,"Ghost white Reclining Sofa","$1,119.99",45
829,"Brown sugar Futon",$219.99,64
830,"Blood red Dining Chair",$89.99,89
831,"Orchid Reclining Loveseat","$1,023.99",32
832,"Orange Dining Chair",$89.99,36
833,"Onyx Storage Bench",$194.99,51
834,"Lavender blue Sleeper Sofa","$1,279.99",15
835,"Dark olive green Bench",$114.99,45
836,"Old lace Crib",$289,58
837,"Columbia Blue End Table",$39.99,33
838,"Antique ruby Headboard",$222.99,36
839,"Vivid sky blue Reclining Loveseat","$1,023.99",85
840,"Maximum red Headboard",$222.99,73
841,"Deep sky blue Wardrobe",$719.99,33
842,"Syracuse Orange Plant Stand",$42.99,37
843,"Caribbean green Plant Stand",$42.99,3
844,"Coffee Wardrobe",$719.99,65
845,"Trypan Blue Reclining Sofa","$1,119.99",23
846,"Dark sea green Dresser",$699.99,75
847,"Columbia Blue Sleeper Sofa","$1,279.99",25
848,"Blast-off bronze Dining Chair",$89.99,29
849,"Dark cornflower blue Stool",$54.99,40
850,"Falu red Ottoman",$52.99,48
851,"Pictorial carmine Sleeper Sofa","$1,279.99",21
852,"Upsdell red Sectional","$1,039.99",47
853,"Japanese violet Reclining Loveseat","$1,023.99",51
854,"Shadow grey Dresser",$699.99,89
855,"Rose taupe Bench",$114.99,5
856,"Shocking pink Sectional","$1,039.99",16
857,"Pale purple Sofa",$649.99,15
858,"Yellow Sunshine End Table",$39.99,34
859,"Trypan Blue Storage Bench",$194.99,47
860,"Princeton orange Loveseat",$269.99,59
861,"Chestnut Bench",$114.99,55
862,"Shadow blue Nightstand",$81.99,16
863,"MSU green Wardrobe",$719.99,77
864,"Moss green Headboard",$222.99,16
865,"Tuscan tan Storage Bench",$194.99,43
866,"Ocean Blue Dresser",$699.99,23
867,"Raspberry rose Dining Chair",$89.99,29
868,"Carnation pink Storage Bench",$194.99,51
869,"Pink lace Sectional","$1,039.99",33
870,"UA red Bed",$389.99,58
871,"MSU green Wardrobe",$719.99,26
872,"Spanish blue Dining Table",$800,70
873,"Seashell Sleeper Sofa","$1,279.99",98
874,"Medium turquoise Storage Bench",$194.99,73
875,"Spanish orange Bed",$389.99,25
876,"Cadet grey Sleeper Sofa","$1,279.99",4
877,"Maximum purple Chaise Lounge",$235.99,25
878,"Cosmic latte Futon",$219.99,83
879,"Copper rose End Table",$39.99,3
880,"Mint green Coffee Table",$200,1
881,"Medium sea green Crib",$289,52
882,"Deep taupe Plant Stand",$42.99,0
883,"Cambridge blue Wardrobe",$719.99,58
884,"Electric purple Sleeper Sofa","$1,279.99",94
885,"Han purple Wardrobe",$719.99,10
886,"Electric lime Sleeper Sofa","$1,279.99",29
887,"Peach puff Wardrobe",$719.99,54
888,"Dark blue-gray Plant Stand",$42.99,13
889,"Cosmic cobalt Nightstand",$81.99,7
890,"Rose bonbon Futon",$219.99,28
891,"Blond Chaise Lounge",$235.99,84
892,"Lime End Table",$39.99,24
893,"Old gold Nightstand",$81.99,25
894,"Lemon Chaise Lounge",$235.99,10
895,"Medium slate blue Sleeper Sofa","$1,279.99",18
896,"Turquoise Sofa",$649.99,56
897,"Electric violet Crib",$289,94
898,"Medium aquamarine Plant Stand",$42.99,81
899,"Mellow apricot Reclining Loveseat","$1,023.99",26
900,"Electric violet Reclining Loveseat","$1,023.99",77
901,"Pale silver Chaise Lounge",$235.99,44
902,"Columbia Blue Plant Stand",$42.99,35
903,"Mauvelous Bench",$114.99,79
904,"Artichoke Sleeper Sofa","$1,279.99",33
905,"Non-photo blue Ottoman",$52.99,60
906,"Yellow Daybed",$311.99,21
907,"Winter Sky Dining Table",$800,32
908,"India green Crib",$289,17
909,"Cinnabar Coffee Table",$200,23
910,"Light cyan Dining Chair",$89.99,10
911,"Steel blue Nightstand",$81.99,52
912,"Light sea green Storage Bench",$194.99,66
913,"Blue-green Futon",$219.99,7
914,"Light green Daybed",$311.99,92
915,"Light sky blue Stool",$54.99,11
916,"Raw umber Sleeper Sofa","$1,279.99",75
917,"Cerulean blue Ottoman",$52.99,99
918,"Pale pink Nightstand",$81.99,39
919,"MSU green Dining Table",$800,34
920,"Maximum yellow red Bed",$389.99,90
921,"Celtic blue Reclining Loveseat","$1,023.99",43
922,"Fire opal Wardrobe",$719.99,16
923,"Falu red Wardrobe",$719.99,74
924,"Medium blue Reclining Sofa","$1,119.99",31
925,"Pine tree Futon",$219.99,28
926,"Phthalo green Chaise Lounge",$235.99,83
927,"Dark olive green Stool",$54.99,71
928,"French violet Coffee Table",$200,76
929,"French mauve Bench",$114.99,21
930,"Burlywood Reclining Sofa","$1,119.99",5
931,"Mauve taupe Crib",$289,8
932,"Vivid violet Dining Table",$800,90
933,"Lemon meringue Loveseat",$269.99,56
934,"Uranian blue End Table",$39.99,40
935,"Magenta Storage Bench",$194.99,28
936,"Teal blue Bench",$114.99,51
937,"Turquoise Dining Chair",$89.99,3
938,"Wine red Loveseat",$269.99,68
939,"Raspberry Nightstand",$81.99,12
940,"Sunray gold Plant Stand",$42.99,14
941,"Opera mauve End Table",$39.99,71
942,"Titanium yellow End Table",$39.99,53
943,"Twilight lavender Reclining Loveseat","$1,023.99",36
944,"Dark sea green Ottoman",$52.99,39
945,"Saffron Loveseat",$269.99,83
946,"Sunray gold Coffee Table",$200,83
947,"Wild Strawberry Stool",$54.99,39
948,"Neon fuchsia Chaise Lounge",$235.99,82
949,"Dark salmon Dining Table",$800,73
950,"Cherry blossom pink Reclining Sofa","$1,119.99",18
951,"Laurel green Reclining Sofa","$1,119.99",15
952,"Tart Orange Plant Stand",$42.99,23
953,"Ming Sofa",$649.99,24
954,"Spanish sky blue Ottoman",$52.99,56
955,"Indian red Sleeper Sofa","$1,279.99",9
956,"Sea green Wardrobe",$719.99,73
957,"Thistle grey Dining Table",$800,100
958,"UP maroon Crib",$289,52
959,"Steel pink Dining Chair",$89.99,21
960,"French pink Sectional","$1,039.99",4
961,"Sap green Chaise Lounge",$235.99,31
962,"Antique ruby Sleeper Sofa","$1,279.99",89
963,"Parchment Reclining Sofa","$1,119.99",90
964,"Prussian blue Coffee Table",$200,67
965,"Star command blue Plant Stand",$42.99,14
966,"Electric green Reclining Loveseat","$1,023.99",0
967,"Spanish carmine Nightstand",$81.99,34
968,"Mardi Gras purple Nightstand",$81.99,55
969,"Mikado yellow Stool",$54.99,9
970,"Red-orange Plant Stand",$42.99,38
